{"version":"1.5","timestamp":1652486433,"count":4,"index":{"":{"key":"","storage_key":"","template":null,"storage_timestamp":1652486374,"children":{"01.home":1652486139,"02.ergodash":1652486374},"checksum":"e1ab5ebfea72f535bf00aadaeb00d4f7"},"01.home":{"key":"home","storage_key":"01.home","template":"home","storage_timestamp":1652486139,"markdown":{"":{"home":1652486139}},"checksum":"2c87400dadf4665f9bb66f2b1d5ca266"},"02.ergodash":{"key":"ergodash","storage_key":"02.ergodash","template":"default","storage_timestamp":1652486431,"markdown":{"":{"default":1652486374}},"children":{"02.buy":1652486431},"checksum":"aa935288cfbd4532c42844082490fe76"},"02.ergodash\/02.buy":{"key":"ergodash\/buy","storage_key":"02.ergodash\/02.buy","template":"default","storage_timestamp":1652486431,"markdown":{"":{"default":1652486431}},"checksum":"4cd5c6dacca8e650693f495265147ccb"}}}